name,luminance,contrast,complexity
rating,3.11428953571966,255,0.101180870671072
fixation,0.204210932857992,255,0.0103755918162086
